{"min": [-0.678857, -0.533521, -0.959184], "max": [0.695506, 0.751977, 0.853119]}