{"min": [-0.225164, -0.136466, -0.603381], "max": [0.207166, 0.123857, 1.049962]}