{"min": [-0.975138, -0.015779, -0.473873], "max": [0.907635, 0.015479, 0.511794]}