{"min": [-0.479698, -0.188471, -0.916374], "max": [0.818246, 0.18351, 0.679708]}