{"min": [-0.356516, -0.727747, -0.360828], "max": [0.346417, 0.907, 0.488834]}