{"min": [-0.184499, -0.208987, -0.986548], "max": [0.186243, 0.267903, 0.973368]}