{"min": [-0.176398, -0.211941, -0.945619], "max": [0.168269, 0.310618, 0.982367]}