{"min": [-0.732938, -0.743357, -0.040532], "max": [0.754982, 0.744563, 0.284642]}