{"min": [-0.672337, -0.251438, -0.763459], "max": [0.667968, 0.16856, 0.158022]}