{"min": [-0.320935, -0.042538, -0.979879], "max": [0.297634, 0.059193, 0.999638]}