{"min": [-0.43846, -0.174777, -0.934132], "max": [0.416697, 0.174073, 1.046994]}