{"min": [-1.00116, -0.15423, -0.709672], "max": [0.522128, 0.159007, 0.923116]}