{"min": [-0.437693, -0.872953, -0.425537], "max": [0.446662, 1.049271, 0.458818]}