{"min": [-0.306184, -0.442764, -0.3114], "max": [0.307884, 0.986834, 0.302667]}