{"min": [-0.355455, -0.731782, -0.360405], "max": [0.337945, 0.975877, 0.409043]}