{"min": [-0.316482, -0.569408, -0.35184], "max": [0.310859, 0.944461, 0.643377]}