{"min": [-1.034745, -0.023891, -0.339215], "max": [0.45776, 0.028124, 0.391062]}