{"min": [-0.323473, -0.120315, -1.000247], "max": [0.343583, 0.124934, 0.92053]}