{"min": [-0.929655, -0.071912, -0.855281], "max": [0.455973, 0.06851, 0.839747]}