{"min": [-0.467483, -0.11863, -0.65072], "max": [0.494434, 0.112274, 0.984194]}