{"min": [-0.201305, -0.976167, -0.353037], "max": [0.194182, 0.735665, 0.439886]}