{"min": [-1.006577, -0.068817, -0.308644], "max": [0.459447, 0.065318, 0.310869]}