{"min": [-0.261341, -0.727559, -0.277465], "max": [0.27318, 0.964031, 0.328328]}