{"min": [-0.574644, -0.220409, -0.800526], "max": [0.557955, 0.157543, 0.209558]}