{"min": [-0.217924, -0.727719, -0.233207], "max": [0.21853, 0.921275, 0.53964]}